project_id,project_name,description,start_date,end_date,budget,status,manager_id
1,Future-proofed system-worthy info-mediaries,Strong early minute current offer most effect.,2025-10-29,2026-05-03,42620.06,Active,497
2,Organic web-enabled knowledgebase,Night exactly action manage himself consumer apply organization.,2025-08-23,2026-02-16,83093.03,Planning,306
3,Reverse-engineered explicit support,Center idea debate reveal.,2025-02-11,2026-01-18,73990.91,Planning,357
4,Integrated content-based intranet,Standard understand personal consumer enjoy society.,2024-12-07,2025-06-18,385730.77,Active,431
5,Digitized exuding ability,Happen same give.,2025-01-19,2025-08-11,321518.32,On Hold,471
6,Front-line executive Internet solution,Part take measure somebody.,2024-12-18,2025-04-12,64260.39,Planning,160
7,Devolved solution-oriented access,Chance third build or small television.,2025-04-08,2025-07-10,497274.07,On Hold,315
8,Mandatory well-modulated task-force,Meet standard goal surface last.,2024-10-24,2024-12-23,247289.33,Active,137
9,Horizontal full-range protocol,Education matter identify significant road.,2024-07-13,2025-04-17,48554.55,Active,86
10,Progressive background customer loyalty,Visit feeling medical near.,2025-07-26,2026-06-30,387482.17,Planning,252
11,Multi-tiered bi-directional ability,Attorney heart else home economy.,2025-03-15,2026-03-09,334224.57,Planning,320
12,Operative 6thgeneration help-desk,Produce drive mother concern.,2025-11-04,2026-10-23,353636.32,Planning,14
13,Managed zero tolerance conglomeration,Team go world these two.,2025-02-19,2025-03-24,451087.87,Completed,161
14,Synergistic asynchronous firmware,Us the actually.,2024-06-07,2024-08-28,212802.73,On Hold,34
15,Multi-layered 3rdgeneration moratorium,Including contain great give feeling ever she interest.,2025-11-25,2026-05-26,183738.24,Active,1
16,Open-architected foreground circuit,Month enjoy they teacher ask candidate reduce such.,2024-11-01,2025-09-05,466905.66,On Hold,102
17,Reduced transitional productivity,Break occur nation detail.,2025-09-14,2026-01-17,472523.22,Completed,491
18,User-centric value-added synergy,Impact foreign billion reason government chance.,2025-07-13,2026-02-17,385062.06,Active,95
19,Total uniform groupware,Guess whole color daughter.,2025-04-17,2025-09-23,300531.98,Active,176
20,Optimized bi-directional concept,Fast thought whose science call example dinner.,2025-01-06,2025-03-16,456573.76,On Hold,82
21,Streamlined real-time collaboration,Body according reveal subject girl charge far third.,2024-10-27,2025-08-02,466938.4,Completed,374
22,Universal bandwidth-monitored monitoring,Item nation left at draw hot.,2025-06-14,2026-02-04,442184.36,Planning,60
23,Up-sized high-level open architecture,Choose man whatever including church.,2026-04-02,2026-06-14,413743.13,On Hold,248
24,Programmable high-level secured line,Much country course before even.,2024-12-26,2025-05-17,55624.62,Planning,364
25,Adaptive explicit product,Three administration yourself suffer.,2025-11-08,2025-12-27,41220.39,Planning,357
26,Monitored heuristic complexity,Station through recently movie return.,2024-06-25,2024-10-23,467688.77,Completed,443
27,Cross-group next generation flexibility,Energy information particularly structure season none.,2024-08-19,2025-03-22,231333.99,Completed,139
28,Ergonomic disintermediate time-frame,Down position him indicate less.,2025-05-02,2025-07-21,457416.91,Active,300
29,Synergistic stable attitude,Cut lay human medical.,2025-06-23,2025-08-23,387623.64,Completed,93
30,Quality-focused incremental installation,Artist carry between tree color able suffer.,2025-09-18,2026-07-11,307656.32,Planning,130
31,Enhanced background structure,Budget none and job.,2026-03-27,2027-02-23,44869.75,On Hold,432
32,Automated foreground knowledgebase,Matter number themselves behind involve rather perform.,2025-12-28,2026-09-29,457295.76,Active,295
33,Secured dedicated infrastructure,Assume leader away suffer even agency those.,2026-02-04,2026-03-06,345160.62,Completed,20
34,Stand-alone didactic infrastructure,Idea for letter director identify.,2024-12-20,2025-03-27,97313.27,Active,151
35,Synchronized content-based application,Your six school.,2025-06-21,2026-03-06,299965.28,Completed,367
36,Optimized attitude-oriented algorithm,Dog seven ever catch.,2024-04-19,2024-09-19,493418.68,Active,216
37,Ameliorated well-modulated standardization,Should seem far trip rate environment page.,2025-02-18,2025-06-01,367023.39,Active,280
38,Extended asynchronous matrices,Detail television present special state.,2025-03-25,2025-10-16,440944.94,Completed,325
39,Public-key 4thgeneration matrices,Sell join probably stand.,2025-05-20,2026-02-18,15728.1,Planning,267
40,Proactive optimal solution,Blue public field offer.,2024-08-05,2025-04-27,71858.4,Planning,17
41,Automated content-based attitude,Reality color art another whole them who popular.,2026-04-09,2027-03-17,324916.76,Planning,424
42,Multi-layered bifurcated focus group,Nearly nice news his.,2024-10-18,2025-01-26,469205.91,Planning,316
43,Ameliorated bifurcated complexity,Feel everything fear ten current leave me.,2026-02-04,2026-08-06,118758.6,Active,221
44,Object-based logistical project,Behind toward rather every.,2025-01-16,2025-12-20,289989.83,On Hold,237
45,Visionary 5thgeneration attitude,Story exist energy far.,2025-01-25,2025-08-13,231560.69,Active,53
46,Re-engineered client-driven task-force,Heart team hundred where everyone.,2024-06-02,2025-03-12,241537.6,Active,200
47,Synergized context-sensitive flexibility,Though imagine if customer.,2025-02-23,2026-01-14,351691.34,Active,268
48,Integrated clear-thinking archive,Know store view build six.,2024-12-07,2025-01-22,335219.16,Completed,472
49,Grass-roots global capability,Modern let full read.,2026-01-01,2026-11-03,455143.91,Active,216
50,Quality-focused multi-tasking attitude,Professional spring present seem commercial.,2026-03-30,2027-02-18,46264.41,Planning,123
51,Right-sized tangible architecture,No sort look wall place since.,2026-02-19,2026-08-04,160104.08,On Hold,245
52,Decentralized even-keeled circuit,Stock five still firm unit.,2025-05-15,2026-05-13,327628.6,Active,8
53,Innovative high-level Graphic Interface,Growth how here among professional detail sport.,2025-05-31,2025-07-13,120291.54,Completed,55
54,Extended actuating leverage,Ok series still.,2025-10-29,2026-07-13,361148.23,Completed,345
55,Open-architected well-modulated neural-net,Thought court discover fund after model read knowledge.,2025-12-10,2026-07-01,43047.86,On Hold,464
56,Profit-focused explicit alliance,Network sing adult finish who maybe.,2025-03-14,2025-10-29,283457.97,On Hold,455
57,Persevering neutral installation,Also available house remain democratic I spend.,2024-12-28,2025-02-12,351745.96,Planning,452
58,Face-to-face 24hour product,Small take model onto.,2025-12-20,2026-08-02,188030.36,Planning,34
59,Progressive secondary service-desk,Market clear board record.,2025-07-23,2026-06-04,494435.23,On Hold,288
60,Multi-lateral cohesive support,Into prove pressure ever.,2024-06-07,2025-03-24,276344.91,On Hold,35
61,Synchronized clear-thinking neural-net,Perform growth card owner.,2026-03-29,2026-12-23,344317.93,Planning,500
62,Visionary optimal data-warehouse,Laugh them sport chance.,2025-05-07,2025-07-22,368283.91,Planning,460
63,Extended uniform core,Parent protect hit ground.,2025-09-14,2026-08-26,17135.15,Planning,490
64,Robust clear-thinking system engine,Must life anyone expect another commercial.,2025-06-02,2025-09-18,359946.23,Active,338
65,Synergistic stable migration,Pull head man modern future become game likely.,2025-01-15,2025-08-10,68340.97,Planning,364
66,Intuitive zero-defect benchmark,Leader control sell tax state myself.,2024-12-19,2025-05-07,65839.36,Active,481
67,Front-line neutral conglomeration,Shoulder friend scene available accept public sell bring.,2025-05-23,2026-04-24,453772.96,On Hold,196
68,Fundamental responsive product,Know kid scene detail.,2025-09-15,2026-03-14,350242.76,Active,192
69,Optional static architecture,Player want read reach share room thought.,2024-04-19,2024-07-01,360664.19,Planning,282
70,Up-sized optimizing capacity,Serve we world hope build fly.,2026-01-22,2026-10-26,187541.31,Completed,7
71,Synergized actuating analyzer,That quality pass truth compare manage.,2024-05-18,2024-06-24,284814.42,On Hold,73
72,Synergistic 4thgeneration migration,Though reduce either give may lead responsibility attack.,2025-05-16,2025-10-07,243580.74,Completed,23
73,Profound reciprocal model,Spring tell then.,2026-04-09,2026-07-10,19932.92,Active,230
74,Balanced bi-directional challenge,Only Republican citizen responsibility its total heavy.,2026-03-07,2026-04-12,54555.28,Planning,287
75,Fundamental maximized alliance,Or and style market article rule think.,2024-05-31,2024-12-01,235634.64,On Hold,91
76,Compatible multimedia success,Continue environment few tax help.,2025-10-02,2026-02-21,350630.98,Planning,375
77,Digitized exuding throughput,Your picture foot fly budget.,2024-04-13,2024-12-21,89606.27,Planning,377
78,Horizontal multimedia array,Several move store bank bank.,2025-08-15,2025-11-28,476488.6,Completed,259
79,Ameliorated well-modulated definition,Drop learn forget measure.,2025-03-02,2025-10-29,213309.34,On Hold,79
80,Expanded modular moderator,Realize view animal computer.,2024-07-05,2024-08-16,193771.69,On Hold,162
81,Open-architected holistic encryption,Carry poor live group scene.,2024-12-22,2025-01-29,261564.03,On Hold,438
82,Distributed multi-state solution,Born occur artist season likely surface.,2025-01-02,2025-08-07,396009.63,On Hold,205
83,Focused stable time-frame,Determine onto win she event front term.,2025-10-01,2026-08-12,403527.1,On Hold,339
84,Organized modular frame,Series human south employee church admit international.,2025-08-19,2025-12-01,472721.33,On Hold,249
85,Horizontal bifurcated focus group,Remember character draw sound Democrat three election.,2024-12-06,2025-03-27,388204.93,Active,353
86,Sharable scalable moratorium,Become person speak behind.,2025-06-19,2025-10-24,300476.03,On Hold,252
87,Up-sized scalable pricing structure,Nor to chance deep study still prepare.,2025-06-03,2026-04-08,105047.46,Completed,273
88,Streamlined systematic firmware,Defense itself like receive our another measure.,2025-08-21,2026-02-11,323954.51,Planning,410
89,Phased multi-tasking conglomeration,Past few indeed sit beat.,2024-06-02,2024-12-02,396962.56,Planning,138
90,Re-contextualized full-range middleware,Listen kid consumer pay.,2026-01-05,2026-03-09,466602.67,Completed,382
91,Business-focused global paradigm,Direction experience forward discover lead different fund rate.,2024-07-03,2024-11-09,473604.82,On Hold,300
92,Synchronized 5thgeneration support,My Republican network notice.,2024-10-29,2025-04-25,39038.7,Planning,57
93,Object-based mobile protocol,Upon eat reveal put.,2026-01-08,2026-11-03,145901.89,Completed,457
94,Re-contextualized hybrid moderator,Young between risk.,2026-03-07,2026-07-12,111455.62,Active,391
95,Inverse leadingedge flexibility,Spring choice remember they high.,2025-10-21,2026-06-04,283627.06,Active,322
96,Programmable optimizing protocol,Son area city report out beyond.,2025-02-04,2025-12-02,27305.89,On Hold,225
97,Down-sized system-worthy projection,Be feel bad night activity other one.,2024-07-03,2025-06-17,101949.93,Active,243
98,Horizontal systemic approach,Conference campaign series evening feeling as sit wife.,2025-01-26,2025-12-02,393301.44,Active,400
99,Re-contextualized foreground hub,Call remember play share hope.,2025-06-14,2026-04-30,252179.22,Planning,70
100,Focused tangible attitude,Money end successful statement red door.,2025-10-25,2026-01-06,159598.9,Active,30
101,Switchable mission-critical migration,And but treat finish.,2024-07-25,2025-05-11,261362.7,On Hold,484
102,Realigned content-based capacity,Director center individual despite personal see land.,2026-03-29,2027-01-05,467492.44,Planning,82
103,Re-contextualized hybrid budgetary management,Generation source quite hope.,2025-05-11,2025-08-17,403234.75,On Hold,14
104,Synergized discrete software,White shake network central middle can.,2025-01-29,2025-04-28,213617.42,Completed,297
105,Open-architected mission-critical hardware,Home system order evidence.,2025-11-29,2026-10-02,444690.72,Planning,391
106,Cross-platform mission-critical paradigm,Nature painting leg trouble how.,2025-08-31,2026-06-15,287034.41,On Hold,179
107,Secured encompassing product,Thing various few cover arm serious.,2025-07-06,2025-11-03,21448.36,Active,296
108,Adaptive impactful artificial intelligence,Against each like when nothing.,2024-08-30,2025-03-03,335915.2,Active,172
109,Enhanced fault-tolerant infrastructure,Far she specific reflect strong political rather.,2026-03-30,2026-10-03,124469.15,Completed,292
110,Proactive hybrid middleware,Land very per size threat skin science.,2024-09-18,2025-05-18,59207.4,Planning,252
111,Monitored real-time secured line,Win year blue speech hope and town there.,2025-03-16,2025-08-31,156931.73,On Hold,488
112,Decentralized static portal,Day care west walk.,2025-01-02,2025-04-16,186388.06,Completed,419
113,Versatile real-time Internet solution,Card building develop military very stop stop.,2024-11-14,2025-04-12,367207.42,Planning,321
114,Business-focused intermediate structure,Perform note cut.,2025-02-10,2025-04-12,230061.26,Planning,207
115,Multi-lateral neutral product,People world although never low remember like.,2026-03-18,2026-06-02,141530.03,Active,311
116,Integrated directional hardware,Of anyone book beautiful cost about.,2026-02-15,2026-06-26,360949.79,Completed,461
117,Distributed dedicated matrix,Pressure upon report conference structure bed.,2025-09-22,2026-01-10,496811.1,Planning,139
118,Reduced eco-centric customer loyalty,Support trade perhaps serious father.,2026-02-06,2026-11-18,17917.49,Completed,257
119,Open-source didactic protocol,Several yourself watch total.,2025-02-25,2026-01-02,455222.27,Active,441
120,Function-based zero administration attitude,Stuff sort human look process board into audience.,2024-04-14,2024-10-20,200727.43,On Hold,458
121,Optional system-worthy project,Audience party computer moment this example.,2025-05-16,2025-11-02,18571.27,Completed,267
122,Open-architected disintermediate policy,Ago others himself until of.,2025-03-06,2025-06-03,468088.72,Planning,475
123,Multi-layered zero-defect implementation,Reduce officer court debate company evidence it.,2025-05-30,2025-11-26,32395.91,Active,279
124,Pre-emptive zero-defect alliance,Save occur share address weight.,2025-07-06,2026-06-01,149612.31,Completed,243
125,Adaptive static superstructure,Exist list public simple each.,2024-10-26,2025-09-14,322181.27,On Hold,43
126,Fully-configurable value-added knowledge user,Per nice music rest family person sound.,2024-11-08,2025-01-14,281422.63,Planning,414
127,Exclusive dynamic orchestration,Seek mouth computer such help fly religious.,2024-09-16,2025-02-02,141931.99,Completed,66
128,Cross-platform non-volatile focus group,Spend factor ask find yes society against year.,2024-08-14,2024-11-29,450771.3,Completed,136
129,Switchable 24hour contingency,His prevent opportunity else picture record floor.,2025-08-08,2025-10-11,377597.4,On Hold,307
130,Customizable 24hour definition,Save late serious.,2024-09-06,2024-12-12,411804.15,Completed,481
131,Customizable dynamic firmware,Million keep player do simple option relationship.,2024-04-17,2025-04-10,194768.38,On Hold,470
132,Multi-tiered coherent process improvement,Century ago hospital be.,2025-12-29,2026-02-07,494870.97,Planning,106
133,Diverse global Graphical User Interface,Simple agree represent interest body short.,2024-07-02,2024-08-14,354210.29,On Hold,378
134,Multi-channeled content-based infrastructure,Night indeed professor guy executive hard girl.,2025-06-06,2026-01-22,283070.06,Planning,419
135,Balanced background groupware,Various would common across sign cultural.,2024-08-16,2025-04-17,390791.44,On Hold,109
136,De-engineered logistical installation,Own interview answer store.,2025-05-21,2025-09-23,322974.16,Planning,439
137,Synchronized 24/7 array,Plan glass foreign coach understand from.,2025-07-30,2025-11-05,296565.11,Completed,180
138,Reduced asymmetric hardware,Foreign politics own sell though.,2025-09-01,2026-08-19,435826.87,Active,364
139,Managed secondary archive,Front statement group although join.,2024-09-26,2024-10-28,102433.6,On Hold,419
140,Horizontal modular encoding,Pretty lawyer six wide tree second opportunity.,2025-07-22,2026-03-06,58052.51,On Hold,325
141,Team-oriented transitional contingency,Tonight parent election smile operation beat upon.,2024-04-21,2024-10-05,462465.31,On Hold,104
142,Compatible homogeneous structure,Information owner send be.,2025-12-02,2026-02-22,243995.34,Completed,473
143,Persevering content-based installation,Property question feel policy.,2024-04-12,2025-02-09,336964.59,Planning,252
144,Open-source tangible hub,Figure ever might thank white find keep.,2025-02-19,2026-01-20,424788.3,Active,459
145,Optional responsive benchmark,Change have wall.,2024-08-15,2025-03-14,226729.67,Active,227
146,Cross-platform reciprocal collaboration,Up see mean management receive with there.,2025-12-25,2026-03-07,347649.71,Active,380
147,Public-key 3rdgeneration middleware,Itself blood send crime.,2024-07-16,2024-12-21,236734.51,Planning,340
148,Managed demand-driven data-warehouse,With upon century possible information million.,2024-04-29,2025-03-04,401189.59,Completed,46
149,Multi-layered transitional secured line,Happen unit student night history rest growth.,2025-05-25,2025-11-25,334688.85,On Hold,172
150,Digitized multimedia methodology,Full reduce production knowledge public drive whole.,2024-07-01,2024-11-20,306211.43,Active,69
151,Exclusive transitional productivity,Occur else camera black training particularly.,2025-12-26,2026-08-31,136100.5,Active,105
152,Phased bifurcated open system,Relate poor level modern.,2025-12-16,2026-09-24,318683.95,Planning,142
153,Seamless actuating encryption,Hundred Democrat to.,2024-12-31,2025-04-27,113411.42,Planning,315
154,Open-architected attitude-oriented workforce,Attack red way care yes value argue.,2025-06-16,2026-05-06,334521.8,Planning,386
155,Assimilated local focus group,Protect magazine when laugh effort.,2025-07-04,2026-06-19,147866.13,Planning,55
156,Total optimal capacity,Whom agency catch current stuff character back.,2024-05-04,2024-12-01,261602.37,On Hold,197
157,Pre-emptive fresh-thinking knowledgebase,Seat someone worry pick section.,2025-10-07,2026-09-10,483024.91,Planning,14
158,Intuitive next generation Graphical User Interface,As participant religious word last.,2025-04-17,2025-09-07,187915.49,Planning,362
159,Open-architected empowering Graphic Interface,College figure prepare off this administration.,2024-12-31,2025-05-13,82100.4,Planning,446
160,Multi-channeled intangible structure,Prove everything easy.,2025-09-22,2026-06-10,438745.32,Planning,80
161,Synergized cohesive protocol,Official catch wonder bar everyone air.,2025-10-24,2026-07-26,228229.41,Planning,155
162,Devolved asymmetric help-desk,Bag PM social.,2024-07-27,2024-10-20,283286.47,Completed,283
163,Streamlined 3rdgeneration adapter,Early tough professor such school know maintain.,2024-10-11,2024-12-30,205860.22,Completed,367
164,Monitored 5thgeneration help-desk,Laugh hundred determine.,2024-11-02,2025-04-15,423319.12,On Hold,337
165,Reduced context-sensitive initiative,Week be section heavy.,2024-10-10,2025-05-19,183940.08,Completed,320
166,Devolved multi-tasking Graphical User Interface,Process two return remember pass.,2026-01-27,2026-06-13,326259.14,On Hold,43
167,Multi-layered even-keeled pricing structure,Describe like provide measure strategy weight can.,2025-01-20,2025-09-13,278890.65,Active,490
168,Multi-lateral reciprocal project,Our western over out compare share.,2025-03-10,2025-05-05,396277.93,Planning,186
169,Exclusive fault-tolerant migration,Either on magazine offer when theory agent.,2025-08-02,2025-12-02,224287.93,On Hold,448
170,Enhanced 5thgeneration capacity,Impact have trade education particularly environment anyone.,2026-01-02,2026-03-23,93552.37,On Hold,49
171,Optimized 3rdgeneration task-force,Expect into father doctor even office.,2025-11-22,2026-03-09,310380.01,Active,390
172,Synchronized interactive parallelism,Shoulder civil today piece.,2025-01-29,2025-09-20,356205.93,Active,341
173,Re-engineered discrete model,Oil from new learn.,2025-11-13,2026-06-28,138936.7,Completed,361
174,Multi-channeled exuding parallelism,Trouble theory eight themselves rich.,2026-03-03,2026-09-03,255485.58,Planning,409
175,Mandatory modular definition,Statement marriage us writer work assume.,2025-08-06,2026-01-14,109011.1,Active,302
176,Ameliorated mission-critical collaboration,Huge career these never strategy whatever east.,2024-08-28,2025-08-17,273661.08,Completed,287
177,Universal responsive open system,Of show let democratic trouble.,2025-11-13,2026-09-22,64554.09,Planning,64
178,Enterprise-wide systemic emulation,Interesting their individual always low politics account third.,2024-09-07,2025-05-27,42746.32,Active,289
179,Seamless stable toolset,Others fear purpose type must material.,2025-08-16,2026-05-22,135592.61,Completed,50
180,Ergonomic empowering time-frame,Picture along soon structure our sister enjoy space.,2025-01-19,2025-07-07,322453.83,Completed,329
181,Customizable scalable contingency,Attack admit south answer help experience.,2024-11-08,2024-12-18,125640.58,Planning,166
182,Sharable zero administration policy,Television television finish.,2025-04-14,2026-02-22,47236.96,On Hold,494
183,Pre-emptive asynchronous hierarchy,Party car religious particularly player soldier mission should.,2025-09-13,2026-07-26,491866.31,Planning,374
184,Open-architected secondary policy,Resource own energy leg anything knowledge figure.,2025-06-25,2026-04-27,110440.22,Planning,233
185,Organic background circuit,Evening cause behavior size first blood play.,2024-04-28,2025-01-14,181702.11,Active,288
186,Digitized motivating toolset,Structure around one tell less long.,2025-03-16,2025-07-03,21846.96,Active,84
187,Advanced coherent Local Area Network,Seek mean clear front focus threat my.,2025-07-09,2026-03-09,64554.64,Active,299
188,Organized multi-tasking superstructure,Phone artist agency.,2025-05-11,2026-05-10,267658.77,Planning,257
189,Organized value-added superstructure,Gun dog firm.,2025-03-21,2025-05-07,100898.52,Active,138
190,Robust logistical emulation,Job finally their indeed often should.,2024-05-17,2024-07-09,24400.18,Completed,17
191,Virtual composite Graphic Interface,Owner occur deal enjoy development cup bad side.,2025-05-04,2025-12-01,159200.72,Completed,160
192,Cross-platform systematic database,Day they site suddenly need TV dinner.,2024-06-11,2025-05-31,423476.45,Planning,147
193,Multi-layered needs-based throughput,Significant military because expert.,2024-06-27,2024-10-26,185476.14,Active,277
194,Inverse motivating function,Man from rate business material significant.,2024-11-12,2025-03-01,431403.97,Active,215
195,Future-proofed explicit matrix,Democratic food establish certainly beyond interesting production.,2025-07-25,2025-10-08,392604.87,Completed,174
196,Multi-tiered bi-directional attitude,Possible impact piece team interview.,2026-03-17,2027-01-17,257940.63,Completed,440
197,Down-sized logistical superstructure,Keep truth career parent bit.,2024-12-23,2025-05-04,79946.05,Completed,160
198,Public-key executive model,Want help future actually be public.,2025-11-14,2026-09-21,303825.82,Active,122
199,Ergonomic interactive throughput,Small anyone book painting statement suffer husband.,2025-08-04,2025-12-16,341243.77,Completed,364
200,Down-sized motivating solution,Inside one difficult claim start if recognize same.,2024-11-05,2025-02-12,61199.15,Planning,329
201,Future-proofed optimizing function,Two fly of interest movie.,2025-05-17,2025-11-29,401854.33,On Hold,474
202,Fundamental even-keeled algorithm,Common hand you tonight.,2024-07-27,2025-06-22,357136.17,Planning,370
203,Multi-tiered directional capability,Least pull staff.,2025-11-25,2026-07-27,336598.35,Planning,416
204,Seamless 6thgeneration encryption,Model prepare however field family operation.,2024-12-15,2025-03-26,370818.41,On Hold,328
205,Self-enabling national alliance,Still hit scene animal then.,2025-03-20,2025-09-28,432965.03,On Hold,298
206,Team-oriented hybrid application,Such along western lead left have.,2025-12-03,2026-04-21,438967.64,On Hold,472
207,Integrated 24/7 info-mediaries,Site marriage there share.,2026-01-19,2026-06-01,469908.12,Planning,455
208,Pre-emptive leadingedge knowledge user,Suffer too somebody three game edge.,2025-08-15,2026-03-19,90710.3,Planning,383
209,Secured client-server synergy,Upon program indicate when party.,2026-02-26,2026-11-23,246527.3,Planning,273
210,Enterprise-wide heuristic parallelism,Yard ok low agency wrong.,2024-09-25,2024-11-12,494867.43,Active,253
211,Automated composite frame,Action cut hit create nothing.,2026-01-19,2026-09-19,158565.89,On Hold,313
212,Mandatory optimizing open system,Away hit unit ready though film research measure.,2024-12-21,2025-07-10,54789.98,Completed,483
213,Expanded methodical support,Expect again direction figure.,2025-11-29,2026-11-24,436660.8,Completed,58
214,Reduced web-enabled matrices,Like most live this.,2026-04-10,2026-12-15,493016.45,On Hold,495
215,Proactive well-modulated contingency,Happy read same song.,2024-04-30,2025-02-24,354883.35,Planning,200
216,Advanced context-sensitive system engine,Month vote heart evening.,2025-01-14,2025-09-19,253763.42,Completed,102
217,Integrated uniform toolset,Test off buy bring.,2025-08-12,2026-07-11,355394.17,Completed,103
218,Proactive exuding website,Officer mouth style.,2026-03-14,2026-10-07,486764.57,Completed,390
219,Down-sized solution-oriented moratorium,South modern through political wide east.,2026-03-15,2026-07-20,133362.62,Active,175
220,Cross-platform systematic approach,Important good southern dark direction office.,2025-01-11,2025-02-10,287848.95,Planning,254
221,Team-oriented discrete support,Him special magazine walk position actually.,2025-08-15,2025-09-22,215104.27,Active,91
222,Virtual actuating Internet solution,Nothing form risk big performance right.,2024-07-14,2024-08-21,465924.75,Completed,204
223,Proactive responsive matrix,Rate foot pattern brother.,2024-06-15,2025-05-23,103619.08,Planning,350
224,Up-sized optimizing time-frame,Sense by example real quickly.,2026-03-21,2026-10-25,273820.56,On Hold,231
225,Synchronized analyzing customer loyalty,Appear around house data ask.,2026-03-25,2026-08-13,351216.64,Active,44
226,Quality-focused bi-directional pricing structure,Degree fact member quickly scene site by financial.,2025-11-05,2026-03-31,268817.5,On Hold,13
227,Public-key homogeneous interface,Attention down car machine maintain government style politics.,2025-10-26,2026-01-06,349391.27,Active,311
228,Synchronized mission-critical hardware,Nature evening language tonight idea fact try.,2024-07-02,2024-11-16,494765.33,Planning,368
229,Intuitive empowering project,Story certain write.,2025-07-22,2026-04-16,434356.21,Active,224
230,Reactive heuristic utilization,Rule try law pressure several nice in.,2025-02-11,2025-09-24,60537.42,Active,399
231,Inverse exuding encryption,Everything food tree manage ok baby house.,2025-02-07,2025-04-11,167108.6,On Hold,22
232,Operative modular definition,By interesting successful piece.,2024-05-08,2025-01-29,23991.31,Active,150
233,Secured encompassing knowledge user,Across executive dream space base campaign.,2025-05-27,2025-11-27,324207.29,Active,233
234,Open-architected executive contingency,Once floor us part.,2025-09-29,2025-12-22,151822.62,Active,13
235,Synchronized systemic info-mediaries,Something source activity your.,2024-05-27,2025-01-26,462615.79,On Hold,264
236,Self-enabling bottom-line encoding,Produce vote newspaper our.,2025-05-23,2026-05-19,318235.69,Completed,312
237,Right-sized incremental secured line,Physical reflect it individual pressure.,2024-10-01,2025-03-13,374612.29,Active,137
238,Proactive systematic pricing structure,Ahead degree quickly nice issue buy.,2025-12-26,2026-02-14,413701.35,On Hold,89
239,Diverse actuating challenge,Themselves large whether.,2025-08-11,2025-12-05,139971.53,Active,489
240,Streamlined methodical data-warehouse,Ahead soon have success sister off work.,2026-04-11,2027-01-02,172765.71,Active,49
241,Managed well-modulated support,Company information school hope them discuss.,2025-12-02,2026-04-28,125280.42,Completed,41
242,Open-source client-server hierarchy,There situation wind task.,2025-06-28,2026-05-17,234785.85,Completed,12
243,Configurable encompassing encoding,Camera race position ground.,2025-02-08,2025-04-02,161107.86,On Hold,334
244,Versatile directional task-force,Investment exactly single daughter.,2024-07-24,2025-03-04,225633.14,Completed,235
245,Devolved web-enabled support,Both future charge effect.,2024-04-26,2024-06-28,363225.46,Completed,404
246,Optimized hybrid Local Area Network,This but gun arrive.,2026-03-17,2026-12-03,28477.5,Active,201
247,Down-sized 24/7 intranet,Else beat water while.,2026-01-12,2026-05-11,164391.82,On Hold,490
248,Focused dedicated benchmark,Rule contain discover determine true look name.,2024-10-22,2025-02-23,304157.68,Completed,22
249,Compatible contextually-based product,You pay pretty big.,2024-08-08,2025-02-28,320243.94,Planning,144
250,Function-based explicit function,Statement leg well media air white husband.,2026-01-03,2026-02-02,120031.03,Planning,488
251,Assimilated next generation structure,Put sister newspaper if.,2025-01-13,2025-10-20,183344.57,Planning,355
252,Ergonomic well-modulated protocol,Author dark individual low born sister idea fire.,2024-12-30,2025-10-29,322175.8,Active,237
253,Switchable object-oriented array,Public admit newspaper parent dinner.,2025-10-20,2026-02-18,341575.09,On Hold,116
254,Ameliorated exuding function,Citizen above accept walk type any road fear.,2024-12-07,2025-05-14,464489.12,Active,387
255,Profit-focused high-level budgetary management,Once source deep down.,2025-10-23,2026-04-18,136454.75,On Hold,316
256,Versatile hybrid open architecture,Professional of thing field contain.,2025-09-29,2026-02-28,459745.78,Active,483
257,Networked eco-centric extranet,West dream phone wait.,2024-09-04,2025-04-14,183184.24,On Hold,114
258,Business-focused hybrid leverage,Leader international above education other give.,2024-12-29,2025-05-17,422432.18,Active,427
259,Optimized encompassing frame,Produce reach want feel.,2025-11-12,2026-07-29,118564.68,Completed,256
260,Cross-group regional access,Newspaper sort although wife.,2024-11-08,2025-05-04,199580.4,On Hold,55
261,Streamlined needs-based function,He blue option hospital customer season degree.,2024-09-02,2025-03-05,474557.31,Completed,31
262,Reactive optimizing migration,American growth often might generation.,2025-09-17,2025-12-25,265375.19,Active,271
263,Re-engineered static utilization,Region color candidate lot stay.,2026-01-04,2026-09-11,172622.77,Active,323
264,Devolved uniform artificial intelligence,Product eat development begin.,2025-09-13,2026-08-06,482703.13,On Hold,173
265,Multi-channeled impactful interface,Special ahead itself.,2024-08-30,2024-10-11,117863.37,On Hold,120
266,Secured attitude-oriented interface,Admit soldier remain adult toward enter car.,2024-09-23,2025-05-16,127750.14,On Hold,38
267,Profound non-volatile analyzer,Also statement really food.,2026-03-14,2026-12-17,104627.84,Planning,407
268,Quality-focused human-resource firmware,Be stay indicate onto economic place democratic.,2025-05-15,2025-10-07,465663.92,Completed,15
269,Intuitive explicit adapter,View hotel else though edge.,2025-05-19,2026-04-21,284451.34,Completed,343
270,Multi-channeled didactic parallelism,Best fine concern deep.,2024-07-20,2024-09-13,386933.32,Planning,235
271,Robust client-server workforce,Few now long seek.,2025-11-11,2026-02-03,382145.24,Active,4
272,Organic contextually-based array,Expert organization many him special.,2025-03-28,2026-02-17,246423.78,Completed,88
273,Automated dynamic application,Within cell him voice call professor cause.,2025-02-19,2025-10-24,350947.02,Active,222
274,Seamless scalable help-desk,Single wife adult upon.,2025-10-17,2025-12-13,147368.04,Active,366
275,Profit-focused homogeneous strategy,How film subject grow company interview.,2026-03-06,2027-01-17,452632.13,Completed,122
276,Universal even-keeled algorithm,Include common gas deal.,2025-12-01,2026-10-15,102108.21,Completed,197
277,Cloned 6thgeneration matrices,Conference necessary maybe lawyer agency city important.,2024-12-24,2025-09-24,297531.65,Planning,20
278,Open-source 6thgeneration parallelism,Upon discussion grow one series tree.,2024-07-02,2024-10-21,403696.04,On Hold,397
279,Configurable multi-tasking throughput,Serious end most home early keep notice.,2025-08-31,2026-03-07,22389.56,Active,193
280,User-centric contextually-based approach,Customer carry assume.,2025-04-11,2025-11-23,285496.45,Active,138
281,Multi-lateral local moratorium,Lead as strong remain shoulder.,2025-09-13,2025-10-18,477823.18,Completed,237
282,Intuitive radical time-frame,Power near always stuff.,2025-02-01,2025-06-20,469022.5,Active,244
283,Decentralized intangible approach,Media fill far eat teacher moment ahead.,2025-03-14,2025-11-25,174801.77,On Hold,302
284,Adaptive bandwidth-monitored core,Social significant notice attention out our.,2024-08-13,2025-06-14,246193.55,Completed,223
285,Monitored static contingency,News song huge lead surface.,2024-06-16,2024-09-18,263045.39,On Hold,113
286,Cross-platform transitional analyzer,Say work spend adult usually pressure.,2025-10-03,2026-09-30,461274.02,Planning,2
287,Sharable zero administration leverage,Improve style church traditional.,2025-06-29,2025-09-14,239332.71,Planning,9
288,Intuitive 24/7 circuit,Above none moment TV.,2026-02-11,2026-10-01,237190.34,Completed,277
289,Realigned client-server analyzer,Evening western condition.,2025-12-02,2026-11-17,86006.72,Completed,437
290,Object-based hybrid orchestration,Save resource white food.,2026-01-03,2026-09-08,142482.28,Completed,316
291,Visionary real-time initiative,Use trouble authority action them plant car.,2024-12-26,2025-05-20,139313.44,Planning,303
292,Organic modular alliance,Memory walk once structure grow sort.,2024-05-30,2024-09-04,224060.75,Active,158
293,Public-key dynamic initiative,Gas until toward low.,2025-05-08,2026-04-14,202799.89,Completed,246
294,Optimized client-driven time-frame,Important whatever certainly though thus child.,2026-04-12,2027-01-02,313914.49,On Hold,127
295,Optimized 24hour website,Far court goal anything.,2025-04-19,2025-11-13,334768.59,Active,376
296,Fundamental multi-tasking projection,Outside part agree Democrat hot.,2024-06-10,2024-08-22,349347.1,Completed,282
297,Devolved mission-critical circuit,Value street plant open near want investment.,2025-05-07,2025-09-18,363362.71,Planning,363
298,Balanced motivating frame,Blood parent story line ball short five her.,2025-12-19,2026-05-07,152891.96,Completed,23
299,Balanced static groupware,Agree major policy ground.,2025-12-11,2026-08-24,414071.52,On Hold,28
300,Seamless asynchronous implementation,Product note fish whether.,2026-01-13,2026-07-19,493694.44,Active,458
301,Cross-group dedicated superstructure,Deal relationship your through.,2024-11-28,2025-03-20,28336.8,Active,52
302,Monitored demand-driven Graphical User Interface,Animal fight number soldier local bed view.,2025-02-17,2025-12-01,155962.85,Completed,488
303,Streamlined contextually-based instruction set,Occur when degree.,2025-06-28,2026-05-18,65425.42,On Hold,1
304,Decentralized zero tolerance migration,Police there firm partner decision.,2024-06-22,2025-04-19,224483.94,On Hold,10
305,Open-architected methodical paradigm,After now for tax.,2025-03-18,2025-09-21,313933.73,Planning,27
306,Sharable responsive functionalities,Tonight fly east weight no example if.,2025-03-21,2025-08-04,151829.65,Completed,118
307,Implemented foreground moderator,None people budget scientist cover improve thing care.,2025-10-29,2026-10-21,230072.64,On Hold,226
308,Operative static capacity,Special west weight away however food.,2025-06-30,2025-09-03,26733.75,Active,299
309,Ergonomic explicit budgetary management,Field under trade family.,2025-06-23,2025-12-16,165743.68,Completed,28
310,Switchable neutral capability,Base likely fine.,2025-10-26,2026-04-26,64352.51,Completed,461
311,Profound modular Graphical User Interface,Role decision couple behind fast.,2024-11-09,2025-05-07,485885.39,Planning,437
312,Automated high-level Graphical User Interface,Term concern event conference local.,2025-11-06,2026-07-09,66353.47,Completed,24
313,Extended exuding access,Its animal outside two mouth with growth.,2024-11-24,2025-02-08,424117.54,Active,490
314,Persistent client-driven structure,Each appear return.,2024-05-17,2025-01-28,161318.14,Active,223
315,Virtual clear-thinking website,Customer ten affect possible.,2025-04-10,2025-11-12,344364.13,On Hold,373
316,Multi-lateral contextually-based Graphic Interface,Determine benefit also recognize.,2025-12-03,2026-08-16,172526.3,On Hold,248
317,Profound bifurcated Graphic Interface,Result bag always time find.,2024-06-24,2025-04-04,325092.22,Planning,429
318,Robust responsive groupware,Drug material tree significant question above again.,2026-03-07,2026-09-14,478508.94,Completed,57
319,Expanded explicit implementation,Sing experience garden.,2026-02-22,2026-04-06,141825.43,Planning,15
320,Cross-platform discrete interface,Management because religious action yes.,2024-07-31,2025-01-11,274343.9,On Hold,24
321,Intuitive context-sensitive emulation,Degree west discuss quickly somebody suffer manager.,2025-01-13,2025-05-09,297526.48,Completed,15
322,Fundamental composite focus group,Bank instead result theory.,2025-01-18,2025-05-12,133959.52,Completed,182
323,Grass-roots static infrastructure,Congress across six rather interview.,2024-05-20,2024-11-18,354824.99,Completed,229
324,Profound tertiary definition,Production mind admit up put follow mean pass.,2025-10-31,2026-07-02,313483.91,Completed,239
325,Advanced asymmetric function,For fill authority age brother deep.,2025-01-03,2025-10-30,270645.18,On Hold,308
326,Synergized 24hour circuit,Sound less authority do reduce.,2025-03-27,2026-02-15,295816.28,Planning,132
327,Profit-focused zero administration hardware,Better nation blood surface want.,2024-08-23,2025-07-07,177634.25,On Hold,52
328,Customizable zero administration moderator,Minute consider feeling yourself room here body.,2025-02-16,2025-12-22,285254.85,Completed,168
329,Stand-alone non-volatile policy,Budget range in guy develop.,2024-04-17,2024-07-10,242847.16,On Hold,98
330,Fully-configurable transitional capacity,Lose military even partner it late.,2025-03-06,2025-09-18,33051.51,Planning,284
331,Triple-buffered background budgetary management,Magazine bar although water size glass box.,2024-08-19,2025-05-16,125348.65,Completed,480
332,Switchable heuristic ability,Each agree reality protect husband explain market.,2025-05-20,2026-02-16,323344.31,Completed,375
333,Object-based zero-defect capacity,Condition lot price cell stay size.,2025-05-29,2026-03-16,188697.48,Planning,208
334,User-friendly dynamic standardization,Window middle view outside left.,2025-12-06,2026-09-24,402830.19,Planning,423
335,Progressive high-level adapter,Better government almost human.,2025-04-13,2025-06-29,57987.55,On Hold,222
336,Streamlined cohesive neural-net,Myself training believe rate.,2025-07-31,2026-02-08,199539.1,Planning,200
337,Focused coherent infrastructure,Discussion provide avoid myself animal.,2026-02-13,2026-11-08,316481.05,Completed,140
338,Business-focused client-driven instruction set,Want establish pay happy east bag.,2024-08-30,2025-08-21,84083.87,Active,35
339,Programmable high-level info-mediaries,Writer sell range save we.,2025-02-21,2025-05-23,29355.45,Completed,441
340,Managed 3rdgeneration Local Area Network,Many her senior people weight hotel.,2025-07-25,2026-06-16,96927.69,Active,349
341,Seamless solution-oriented benchmark,Suggest body hot we support build.,2026-04-04,2026-10-13,250635.85,Planning,285
342,Open-source tertiary help-desk,Build record care very agency note.,2024-05-26,2024-11-04,410456.31,Planning,336
343,Multi-layered multi-state paradigm,Remember put according do training person score.,2024-10-18,2025-04-04,210737.88,On Hold,162
344,Devolved upward-trending function,Stand forget expect class theory against.,2024-07-13,2024-11-15,349774.64,Completed,265
345,Future-proofed even-keeled pricing structure,Voice discuss then type black prepare consumer manage.,2024-11-30,2025-06-29,257718.89,Active,454
346,Stand-alone maximized forecast,Do risk range set sound she seem speech.,2026-03-11,2027-02-18,398711.7,Completed,120
347,Organized foreground Graphical User Interface,Dark nation small pressure choice include.,2024-11-22,2025-10-20,57772.28,On Hold,13
348,Persevering discrete core,Almost investment song candidate clearly role can.,2025-05-19,2026-01-04,368929.93,Completed,310
349,Cross-group didactic archive,Discussion beautiful method market.,2026-01-27,2026-06-13,106982.82,Active,180
350,Implemented discrete emulation,Opportunity huge girl run.,2025-12-22,2026-10-05,393103.53,On Hold,161
351,Public-key disintermediate hardware,Brother clearly him central add.,2025-02-08,2025-03-25,200585.36,Completed,218
352,Ameliorated executive project,Black receive community order.,2025-11-21,2026-03-07,396334.41,Planning,263
353,Cross-group eco-centric encryption,Fly high magazine value.,2026-03-24,2026-09-21,215828.17,Completed,446
354,Profit-focused didactic neural-net,Open occur policy statement same charge writer.,2025-06-17,2026-03-30,454349.21,Planning,57
355,Inverse dynamic neural-net,Early indeed something agency five ten poor.,2025-10-23,2026-07-06,379459.37,Planning,201
356,Seamless optimal open architecture,Present determine your.,2025-12-25,2026-11-03,12457.19,Planning,418
357,Virtual foreground knowledgebase,Letter room start sort news.,2024-10-04,2025-05-30,13098.24,Active,218
358,Exclusive even-keeled knowledgebase,Within recognize establish daughter call blue other.,2024-06-13,2025-03-19,453131.33,On Hold,202
359,Virtual static ability,Use shoulder much sound theory class real.,2025-09-24,2026-09-21,412354.77,On Hold,328
360,Front-line disintermediate capability,Red see agent speech toward.,2025-02-10,2025-08-07,308600.8,On Hold,255
361,Implemented zero administration process improvement,Way community course third production carry energy card.,2024-07-03,2025-04-23,23262.62,Planning,116
362,Fully-configurable tertiary framework,Together despite hundred former.,2025-01-18,2026-01-02,86573.52,Active,332
363,Visionary 4thgeneration knowledgebase,Beat wonder energy commercial standard professional either.,2025-05-18,2025-07-01,267312.65,Completed,323
364,Assimilated uniform hub,Remember recently involve a they century clear southern.,2025-07-02,2025-08-30,161896.98,On Hold,452
365,Balanced full-range support,Drop American black treatment look able.,2024-10-18,2024-12-15,408478.96,On Hold,457
366,Automated bifurcated middleware,Her then between contain accept bed.,2026-02-13,2026-03-20,196598.8,On Hold,492
367,Polarized transitional contingency,Shake exactly month want serve theory idea.,2025-12-05,2026-06-05,383200.24,On Hold,11
368,Progressive coherent Internet solution,Difficult decide soon sister without upon stage.,2026-03-22,2026-08-24,406988.64,Completed,337
369,Fundamental actuating help-desk,Order crime training early low mean how civil.,2024-09-24,2025-07-09,366752.71,Completed,326
370,Compatible didactic info-mediaries,Product officer school bit buy.,2024-09-29,2025-07-12,268837.28,Completed,396
371,Realigned disintermediate frame,Entire price admit industry let chair success Mr.,2025-12-02,2026-01-14,176625.21,Active,423
372,Business-focused web-enabled array,Recent poor something interest company.,2024-10-06,2025-02-10,175685.23,Active,209
373,Function-based actuating hierarchy,Discussion against above fire movie to tell.,2025-05-28,2026-02-21,488880.71,Planning,358
374,Optimized directional array,Thus sure nothing ball.,2025-04-17,2025-06-30,159165.08,Completed,403
375,Seamless 6thgeneration emulation,Ever draw relate order.,2025-06-19,2026-01-24,276561.86,Planning,498
376,Decentralized fault-tolerant knowledgebase,Join political again through picture sure happy.,2024-12-28,2025-07-30,253267.93,On Hold,469
377,Synergized neutral challenge,Popular cell interview story.,2025-12-22,2026-07-02,204223.68,On Hold,53
378,Implemented analyzing database,Week recently whom.,2025-05-27,2025-09-24,201320.41,On Hold,182
379,Open-source multi-tasking encryption,Story somebody design yeah as yard.,2024-11-03,2025-01-13,40465.45,Planning,54
380,Innovative actuating implementation,Health before piece teacher deep one stage.,2024-07-31,2025-07-18,38683.12,Active,54
381,Distributed 5thgeneration infrastructure,Budget college turn of lawyer rather.,2025-06-06,2026-03-30,464703.96,Completed,32
382,Profit-focused uniform complexity,Simple huge human skin you data through.,2026-01-12,2026-08-11,355379.26,Planning,310
383,Persevering composite strategy,Beyond challenge method along soon.,2024-09-11,2025-05-02,364702.15,Completed,416
384,Seamless attitude-oriented budgetary management,Executive per start Democrat.,2024-06-03,2024-08-24,446968.62,Planning,89
385,Monitored 3rdgeneration archive,Arm myself available score class.,2024-07-22,2025-05-07,42014.89,Completed,27
386,Assimilated dedicated synergy,Particularly knowledge throughout.,2024-08-07,2025-03-27,422713.91,On Hold,338
387,Proactive national capacity,Ready suggest both walk central born.,2026-01-31,2026-11-23,251005.43,Active,308
388,Fully-configurable empowering installation,Culture news safe threat will picture again organization.,2024-09-07,2025-01-22,45238.53,On Hold,195
389,Up-sized 6thgeneration time-frame,Understand all recent include apply high then spend.,2025-07-31,2026-02-16,44256.46,Active,131
390,Realigned non-volatile monitoring,Religious help arm teacher energy parent travel.,2024-10-16,2025-06-19,152260.92,Planning,69
391,Compatible uniform process improvement,Within boy sport impact later positive individual.,2025-08-06,2026-01-25,138449.17,Planning,150
392,Re-contextualized even-keeled system engine,Area some story camera.,2025-03-09,2026-02-12,260404.06,On Hold,278
393,Open-architected needs-based focus group,Lose trial law talk that popular.,2026-01-23,2027-01-19,326881.41,On Hold,422
394,De-engineered 24hour hardware,Military head strong.,2025-06-16,2026-05-25,315783.0,Planning,264
395,Switchable next generation help-desk,Maintain maybe far direction.,2025-02-05,2025-06-13,114127.79,Planning,184
396,User-centric non-volatile open architecture,Kitchen course hot military full.,2025-09-11,2026-06-20,403386.89,Active,211
397,Devolved needs-based portal,Produce whatever choice situation scene current firm interesting.,2025-12-22,2026-11-30,279155.81,Active,61
398,Extended object-oriented portal,Appear science care cup success street level space.,2024-06-10,2024-11-17,372001.96,Completed,395
399,Synergized regional circuit,Table year toward local per.,2025-06-05,2026-05-04,410710.29,On Hold,237
400,Digitized logistical standardization,Church begin than.,2024-09-21,2025-04-01,183841.46,Completed,329
401,Focused radical methodology,Couple natural book building management.,2025-03-14,2025-10-27,488840.78,Planning,148
402,User-centric stable superstructure,Full so nearly catch yes.,2025-05-24,2026-02-11,299329.37,On Hold,163
403,Implemented needs-based website,Energy next decade return.,2025-09-06,2026-05-29,427382.55,Planning,116
404,Public-key modular groupware,Represent staff national good resource important assume.,2025-02-13,2025-11-23,195597.09,Active,313
405,Integrated asynchronous capability,Four room skin their.,2025-06-20,2025-09-17,23918.36,Planning,223
406,Up-sized bandwidth-monitored hierarchy,Ground myself trip collection what cost mother.,2025-04-24,2025-07-03,154261.26,On Hold,447
407,Reactive impactful projection,Success friend activity team anyone easy produce.,2024-05-30,2025-05-22,315027.24,On Hold,32
408,Open-architected incremental emulation,Situation heavy beat both sign particular.,2024-06-20,2024-09-30,102081.96,Completed,87
409,Fully-configurable encompassing task-force,Early tough of law pull.,2025-09-04,2026-02-23,246945.0,Active,69
410,Managed modular groupware,Will guess ten individual economic hope.,2025-03-18,2025-10-20,476122.07,Planning,306
411,Cross-group grid-enabled infrastructure,Foot seat commercial focus.,2024-05-19,2024-11-10,331372.05,Active,176
412,Decentralized fault-tolerant complexity,Statement section operation glass.,2026-04-01,2026-06-27,264605.91,On Hold,296
413,Digitized 4thgeneration extranet,A around agree low represent effect form.,2025-04-30,2025-06-20,284390.3,Completed,308
414,Operative composite instruction set,Light during home much.,2024-04-12,2025-01-07,428741.43,Completed,57
415,Switchable directional algorithm,Such necessary agency few.,2025-10-02,2025-12-10,442422.07,Active,258
416,Secured asymmetric complexity,Explain challenge standard indicate low.,2025-11-04,2025-12-24,301495.57,Completed,20
417,Re-contextualized reciprocal task-force,Property price wind behind imagine mouth my.,2026-01-07,2026-08-20,66516.74,On Hold,103
418,Managed coherent architecture,Population space front one this country.,2025-05-11,2026-03-10,470330.49,Active,445
419,Switchable secondary alliance,Growth particular economy where.,2025-07-04,2025-11-09,215688.07,Completed,387
420,Virtual reciprocal extranet,Relationship red move arrive protect thousand.,2025-06-19,2025-09-27,307264.83,Planning,310
421,Profound fresh-thinking solution,Thought them right everything picture argue which job.,2025-06-09,2025-10-10,320284.63,Active,337
422,Progressive asymmetric firmware,Tonight south sit process.,2025-01-21,2025-12-15,293767.08,Active,74
423,Stand-alone uniform firmware,Service need fight young develop claim push beyond.,2025-02-22,2025-07-20,416723.91,Active,341
424,Re-engineered next generation frame,Government boy return themselves question meet cell action.,2024-07-17,2025-01-10,51842.38,Completed,420
425,Horizontal holistic attitude,Performance around part wait consumer.,2026-03-16,2027-01-11,307550.37,Completed,231
426,Self-enabling grid-enabled complexity,Space expect tell.,2025-12-13,2026-05-06,386286.08,Completed,428
427,Innovative systemic budgetary management,Design customer by personal look build.,2025-07-10,2026-05-04,153163.97,Completed,210
428,Re-contextualized mobile service-desk,Involve perhaps lot each report sort less.,2024-11-19,2025-06-05,499879.53,Active,420
429,Adaptive optimal functionalities,Minute heart sing option.,2024-11-03,2025-06-26,425317.69,Planning,498
430,Reactive eco-centric attitude,Learn theory management least threat put customer.,2024-04-25,2024-08-08,150146.04,Completed,250
431,Implemented exuding Local Area Network,Else whatever record rate two financial policy.,2025-05-17,2026-02-23,464821.57,Planning,183
432,Reactive analyzing strategy,Give list draw to safe.,2024-10-02,2024-12-15,371123.96,Completed,176
433,Configurable zero tolerance monitoring,Case method five hard policy whatever sign economic.,2025-05-14,2026-03-22,377329.81,Active,38
434,Switchable bottom-line workforce,Eat watch happy kind about produce.,2024-06-22,2025-02-21,164714.26,Active,253
435,Multi-tiered analyzing Graphical User Interface,Mission summer data actually its different.,2024-08-04,2025-03-02,187461.52,On Hold,382
436,Pre-emptive scalable support,Company mention serve ok analysis table fine.,2025-12-28,2026-09-05,132167.93,On Hold,26
437,Implemented intangible moderator,Today computer into central different top.,2025-10-06,2026-03-15,340317.53,Active,88
438,Profit-focused directional protocol,Body city finally increase impact Mr worry.,2024-08-15,2025-03-26,263875.95,On Hold,116
439,Customizable heuristic definition,Floor force central reduce chance child hard.,2025-03-31,2025-04-30,436597.76,Completed,127
440,Object-based 4thgeneration alliance,National them listen they from goal.,2026-04-09,2027-03-31,430626.84,Planning,438
441,Persevering static Local Area Network,Must rest point though.,2025-10-20,2026-02-16,206254.33,Active,290
442,Diverse reciprocal framework,Poor eight try.,2024-08-01,2025-03-26,494057.67,On Hold,105
443,Triple-buffered encompassing strategy,Major change hot population reveal themselves.,2025-07-04,2026-04-13,66664.28,Completed,73
444,Up-sized executive matrix,According standard surface condition wait record.,2025-04-01,2026-03-26,328015.9,On Hold,472
445,Synergistic tangible software,Within outside with beautiful improve senior modern.,2026-02-01,2026-10-29,279859.33,Planning,253
446,Realigned high-level support,Notice receive we politics smile.,2025-08-26,2025-10-30,193613.01,Completed,404
447,Re-contextualized client-driven Internet solution,Exactly lead ball these.,2025-12-11,2026-11-30,150775.67,Completed,39
448,Reactive didactic adapter,Determine toward store.,2025-04-26,2025-11-28,456773.12,Planning,319
449,Open-architected optimizing installation,Choice eat value various capital term lead.,2025-11-03,2026-02-21,437878.42,Planning,233
450,Quality-focused reciprocal concept,Remember since education TV product here.,2025-12-05,2026-08-02,66777.03,Planning,324
451,Operative even-keeled budgetary management,Case deal rock agent dark modern.,2025-07-29,2026-03-24,146083.23,Active,113
452,Profound local secured line,Way paper nice teach especially bad beautiful daughter.,2024-05-01,2025-03-25,371746.35,Planning,232
453,Vision-oriented full-range artificial intelligence,Never color majority give guy stand.,2024-04-27,2024-07-23,421317.53,On Hold,86
454,Profound systematic matrix,Idea yard rise site star effect where.,2026-02-11,2026-04-10,271787.59,Active,60
455,Team-oriented grid-enabled functionalities,Pull beyond never agent act kid.,2024-06-18,2025-01-27,108258.72,Planning,479
456,Ameliorated coherent utilization,Your effect nothing.,2025-12-27,2026-09-28,70367.39,On Hold,397
457,Fundamental dedicated help-desk,Smile leg heavy surface beyond those.,2024-12-17,2025-10-27,88743.88,On Hold,140
458,Ergonomic tangible interface,General thus fire lead up effect.,2025-08-26,2026-02-24,196569.77,Active,336
459,Up-sized radical firmware,Design decide seven right option focus kid.,2025-06-21,2026-02-02,89580.49,On Hold,454
460,Polarized executive conglomeration,Pattern care high international well first peace.,2026-01-25,2026-09-03,86310.44,Planning,119
461,Managed optimizing project,Movement behavior make such.,2026-01-16,2026-12-04,212831.7,On Hold,21
462,Streamlined optimizing middleware,Teach trouble modern increase arm happy.,2025-05-26,2025-11-27,36211.21,Active,248
463,Devolved radical migration,Another head clearly bill.,2024-08-07,2025-01-27,156405.29,Completed,162
464,Configurable leadingedge system engine,Oil have bad office control.,2025-12-12,2026-08-20,455283.53,Planning,9
465,Inverse local customer loyalty,Recent customer true.,2026-03-25,2026-11-11,234153.92,Active,59
466,Phased interactive time-frame,Down growth song fast.,2025-12-11,2026-12-10,44077.24,Planning,151
467,Digitized web-enabled moratorium,That inside heavy four much view.,2025-02-23,2025-03-26,242349.77,Active,471
468,Business-focused dedicated portal,Involve music notice sense two leave must.,2026-01-31,2026-12-20,369568.13,On Hold,426
469,Total web-enabled definition,Main stand wear war decide build meet.,2026-02-05,2026-12-19,441478.47,On Hold,128
470,Polarized 4thgeneration installation,Like example human.,2025-04-27,2025-10-12,109936.38,On Hold,356
471,Compatible uniform Internet solution,Price wear next customer offer common.,2025-03-30,2026-03-24,227108.37,Active,427
472,Customizable coherent architecture,Movement work appear.,2024-09-18,2025-05-22,415533.08,Active,467
473,Reactive mobile time-frame,Keep hot return today threat side.,2025-11-25,2026-07-15,243926.58,Active,50
474,Open-architected leadingedge algorithm,Range decade heart teacher conference.,2026-01-01,2026-12-01,92571.51,Completed,179
475,Balanced global standardization,Pull some begin radio.,2025-06-26,2025-12-26,135078.49,Planning,99
476,Compatible empowering toolset,Area act sister happen at one.,2025-03-08,2025-05-18,357470.57,Active,239
477,Quality-focused object-oriented conglomeration,Can state time seem.,2024-08-20,2025-08-16,384116.98,Active,428
478,Front-line mobile encoding,Leg want animal program list position simply same.,2025-08-23,2025-12-03,19966.33,On Hold,2
479,Managed foreground product,Easy shoulder father although country black.,2025-05-21,2025-07-09,476968.56,Planning,238
480,Public-key exuding complexity,Plant both far military decide myself as.,2025-07-02,2025-09-01,300188.08,Completed,481
481,Right-sized actuating help-desk,Set cost training Mrs tree.,2024-05-20,2024-09-20,424044.49,Active,121
482,Multi-lateral systemic concept,Everyone economic across learn.,2024-07-07,2025-04-14,290548.25,Planning,229
483,Total object-oriented intranet,Wear race catch may able.,2024-07-28,2025-06-17,211032.44,On Hold,145
484,User-friendly intangible workforce,Party information five trouble.,2024-11-24,2025-01-11,420430.05,Completed,451
485,Configurable didactic workforce,Task friend continue item.,2025-09-20,2026-05-14,26509.8,On Hold,486
486,Advanced asymmetric open architecture,Weight want would former product song.,2025-04-17,2025-12-18,169485.99,Active,159
487,Stand-alone motivating groupware,Fill check unit ball.,2025-06-29,2025-10-01,209490.37,Completed,302
488,Robust asynchronous open architecture,Method doctor throw consumer.,2024-08-19,2025-05-21,407927.8,On Hold,373
489,Reverse-engineered 5thgeneration project,Return remain five only improve.,2024-07-23,2024-09-08,14215.67,On Hold,136
490,Intuitive national moderator,Fly today person meet.,2024-12-24,2025-10-27,135072.72,Completed,499
491,Operative heuristic paradigm,Anyone nation tough physical court seven.,2025-08-27,2026-05-31,481837.2,Active,320
492,Polarized web-enabled flexibility,Wait policy shoulder produce card.,2025-09-02,2026-05-27,83412.04,On Hold,119
493,Networked homogeneous firmware,Art beautiful fund election bit.,2024-11-19,2025-07-21,264456.63,On Hold,103
494,Configurable content-based throughput,Federal cold age wall news woman political color.,2025-03-18,2025-10-23,498361.62,Planning,108
495,Proactive contextually-based approach,Parent energy year election second nice.,2024-12-25,2025-12-09,284659.93,Active,224
496,Mandatory eco-centric utilization,Suggest every vote according.,2024-05-05,2024-11-30,235688.03,Active,64
497,Triple-buffered global application,Hear thus month today word road view never.,2025-06-19,2025-09-06,349260.42,Active,484
498,Seamless attitude-oriented complexity,Form across trouble fall still financial.,2024-07-31,2024-10-15,377640.12,Completed,73
499,Devolved maximized artificial intelligence,Ahead employee expert society across office.,2024-09-04,2024-12-20,270766.07,Completed,177
500,Extended systematic utilization,Lay sound discussion local.,2025-02-21,2026-02-09,345614.74,Planning,377
